stop_id,route_id,stop_sequence
100698,40-VIC,1
100693,40-VIC,2
100635,40-VIC,3
100594,40-VIC,4
100570,40-VIC,5
100621,40-VIC,6
100692,40-VIC,7
100776,40-VIC,8
101778,40-VIC,9
100819,40-VIC,10
102566,40-VIC,11
102537,40-VIC,12
100849,40-VIC,13
100852,40-VIC,14
100837,40-VIC,15
102697,40-VIC,16
102700,40-VIC,17
102175,40-VIC,18
100882,40-VIC,19
100876,40-VIC,20
100877,40-VIC,21
100883,40-VIC,22
100893,40-VIC,23
100919,40-VIC,24
100926,40-VIC,25
100953,40-VIC,26
100967,40-VIC,27
100975,40-VIC,28
100973,40-VIC,29
100964,40-VIC,30
100957,40-VIC,31
100971,40-VIC,32
100988,40-VIC,33
100999,40-VIC,34
101020,40-VIC,35
101037,40-VIC,36
104105,40-VIC,37
100871,40-VIC,38
100025,4-VIC,1
100032,4-VIC,2
100076,4-VIC,3
100394,4-VIC,4
100146,4-VIC,5
100178,4-VIC,6
100198,4-VIC,7
102012,4-VIC,8
100237,4-VIC,9
100266,4-VIC,10
100280,4-VIC,11
100301,4-VIC,12
100322,4-VIC,13
100337,4-VIC,14
100385,4-VIC,15
100442,4-VIC,16
100514,4-VIC,17
100566,4-VIC,18
100618,4-VIC,19
100653,4-VIC,20
100763,4-VIC,21
100827,4-VIC,22
100864,4-VIC,23
100913,4-VIC,24
100937,4-VIC,25
100951,4-VIC,26
100071,4-VIC,27
101036,4-VIC,28
102420,4-VIC,29
100802,5-VIC,1
100815,5-VIC,2
100838,5-VIC,3
100801,5-VIC,4
100783,5-VIC,5
100748,5-VIC,6
100708,5-VIC,7
100674,5-VIC,8
100632,5-VIC,9
100574,5-VIC,10
100512,5-VIC,11
100458,5-VIC,12
100406,5-VIC,13
100382,5-VIC,14
100317,5-VIC,15
100248,5-VIC,16
100209,5-VIC,17
100169,5-VIC,18
102644,5-VIC,19
100129,5-VIC,20
100084,5-VIC,21
100034,5-VIC,22
100019,5-VIC,23
100954,5-VIC,24
100046,5-VIC,25
100078,5-VIC,26
100065,5-VIC,27
100054,5-VIC,28
100049,5-VIC,29
100031,5-VIC,30
100013,5-VIC,31
100008,5-VIC,32
100905,5-VIC,33
100946,5-VIC,34
100086,5-VIC,35
100110,5-VIC,36
100405,7N-VIC,1
101011,7N-VIC,2
100991,7N-VIC,3
100950,7N-VIC,4
100932,7N-VIC,5
100897,7N-VIC,6
100826,7N-VIC,7
100752,7N-VIC,8
100725,7N-VIC,9
100702,7N-VIC,10
100681,7N-VIC,11
100659,7N-VIC,12
100625,7N-VIC,13
100602,7N-VIC,14
100559,7N-VIC,15
100550,7N-VIC,16
100533,7N-VIC,17
100517,7N-VIC,18
100511,7N-VIC,19
100489,7N-VIC,20
100475,7N-VIC,21
100432,7N-VIC,22
100383,7N-VIC,23
100340,7N-VIC,24
100303,7N-VIC,25
100269,7N-VIC,26
100238,7N-VIC,27
102111,7N-VIC,28
100200,7N-VIC,29
100184,7N-VIC,30
100155,7N-VIC,31
100130,7N-VIC,32
100120,7N-VIC,33
100113,7N-VIC,34
100091,7N-VIC,35
100073,7N-VIC,36
100035,7N-VIC,37
100025,7N-VIC,38
100032,7N-VIC,39
100051,7N-VIC,40
102211,95-VIC,1
100010,95-VIC,2
100032,95-VIC,3
100076,95-VIC,4
100146,95-VIC,5
100198,95-VIC,6
100358,95-VIC,7
100456,95-VIC,8
100554,95-VIC,9
102722,95-VIC,10
100817,95-VIC,11
102721,95-VIC,12
101254,95-VIC,13
101260,95-VIC,14
101245,95-VIC,15
101275,95-VIC,16
101326,95-VIC,17
101380,95-VIC,18
101467,95-VIC,19
101513,95-VIC,20
101546,95-VIC,21
101597,95-VIC,22
101632,95-VIC,23
102442,95-VIC,24
101542,95-VIC,25
102612,21-VIC,1
101341,21-VIC,2
101293,21-VIC,3
101264,21-VIC,4
101155,21-VIC,5
101133,21-VIC,6
101056,21-VIC,7
101008,21-VIC,8
100984,21-VIC,9
100924,21-VIC,10
100855,21-VIC,11
100743,21-VIC,12
100662,21-VIC,13
100623,21-VIC,14
100572,21-VIC,15
100527,21-VIC,16
100486,21-VIC,17
100446,21-VIC,18
100399,21-VIC,19
100362,21-VIC,20
100323,21-VIC,21
100290,21-VIC,22
100195,21-VIC,23
100177,21-VIC,24
100132,21-VIC,25
100082,21-VIC,26
100042,21-VIC,27
101232,52-VIC,1
101245,52-VIC,2
101261,52-VIC,3
101325,52-VIC,4
101425,52-VIC,5
101443,52-VIC,6
101463,52-VIC,7
101480,52-VIC,8
101445,52-VIC,9
101427,52-VIC,10
101824,52-VIC,11
101376,52-VIC,12
101350,52-VIC,13
101339,52-VIC,14
100154,52-VIC,15
102132,52-VIC,16
102347,52-VIC,17
101511,52-VIC,18
104093,52-VIC,19
101570,52-VIC,20
101612,52-VIC,21
101652,52-VIC,22
101669,52-VIC,23
102735,52-VIC,24
102727,52-VIC,25
102613,52-VIC,26
101761,52-VIC,27
101760,52-VIC,28
101746,52-VIC,29
102006,52-VIC,30
101724,52-VIC,31
101707,52-VIC,32
101683,52-VIC,33
101654,52-VIC,34
101640,52-VIC,35
101630,52-VIC,36
101625,52-VIC,37
101620,52-VIC,38
101618,52-VIC,39
101574,52-VIC,40
101539,52-VIC,41
101521,52-VIC,42
101535,52-VIC,43
101602,52-VIC,44
101637,52-VIC,45
101671,52-VIC,46
101702,52-VIC,47
101722,52-VIC,48
101741,52-VIC,49
101763,52-VIC,50
101790,52-VIC,51
101807,52-VIC,52
101834,52-VIC,53
101872,58-VIC,1
101866,58-VIC,2
101863,58-VIC,3
101865,58-VIC,4
101850,58-VIC,5
101491,58-VIC,6
101735,58-VIC,7
101678,58-VIC,8
101688,58-VIC,9
100158,58-VIC,10
101593,58-VIC,11
101549,58-VIC,12
101750,58-VIC,13
102443,58-VIC,14
102442,58-VIC,15
101542,58-VIC,16
102489,6-VIC,1
101352,6-VIC,2
101318,6-VIC,3
102008,6-VIC,4
101164,6-VIC,5
101140,6-VIC,6
101086,6-VIC,7
101027,6-VIC,8
101000,6-VIC,9
100974,6-VIC,10
100925,6-VIC,11
100885,6-VIC,12
100828,6-VIC,13
100771,6-VIC,14
100713,6-VIC,15
100647,6-VIC,16
100614,6-VIC,17
100520,6-VIC,18
100445,6-VIC,19
100389,6-VIC,20
100333,6-VIC,21
102756,6-VIC,22
100257,6-VIC,23
100233,6-VIC,24
100193,6-VIC,25
100166,6-VIC,26
100145,6-VIC,27
102752,6-VIC,28
100068,6-VIC,29
100042,6-VIC,30
100024,27-VIC,1
100010,27-VIC,2
100032,27-VIC,3
100063,27-VIC,4
100079,27-VIC,5
100093,27-VIC,6
100125,27-VIC,7
100143,27-VIC,8
100159,27-VIC,9
100181,27-VIC,10
100211,27-VIC,11
100265,27-VIC,12
100321,27-VIC,13
100411,27-VIC,14
100450,27-VIC,15
100485,27-VIC,16
100549,27-VIC,17
100577,27-VIC,18
100615,27-VIC,19
100656,27-VIC,20
100697,27-VIC,21
100731,27-VIC,22
102602,27-VIC,23
100829,27-VIC,24
100888,27-VIC,25
100933,27-VIC,26
100994,27-VIC,27
101041,27-VIC,28
101065,27-VIC,29
101078,27-VIC,30
101099,27-VIC,31
101110,27-VIC,32
101129,27-VIC,33
101174,27-VIC,34
101224,27-VIC,35
101256,27-VIC,36
101294,27-VIC,37
101332,27-VIC,38
101349,27-VIC,39
101359,27-VIC,40
101390,27-VIC,41
101422,27-VIC,42
101431,27-VIC,43
101426,27-VIC,44
101420,27-VIC,45
101405,27-VIC,46
101357,27-VIC,47
100016,61-VIC,1
102272,61-VIC,2
102258,61-VIC,3
102246,61-VIC,4
102235,61-VIC,5
102212,61-VIC,6
102184,61-VIC,7
102170,61-VIC,8
102150,61-VIC,9
102127,61-VIC,10
102109,61-VIC,11
102106,61-VIC,12
102103,61-VIC,13
102092,61-VIC,14
102083,61-VIC,15
100018,61-VIC,16
102069,61-VIC,17
102551,61-VIC,18
101980,61-VIC,19
101965,61-VIC,20
101956,61-VIC,21
101937,61-VIC,22
101903,61-VIC,23
101916,61-VIC,24
101815,61-VIC,25
101860,61-VIC,26
101801,61-VIC,27
101774,61-VIC,28
101744,61-VIC,29
101724,61-VIC,30
101707,61-VIC,31
101683,61-VIC,32
101654,61-VIC,33
101640,61-VIC,34
101630,61-VIC,35
102443,61-VIC,36
102442,61-VIC,37
101573,61-VIC,38
101119,14-VIC,1
101145,14-VIC,2
101080,14-VIC,3
101069,14-VIC,4
101052,14-VIC,5
101031,14-VIC,6
101032,14-VIC,7
101050,14-VIC,8
101002,14-VIC,9
100910,14-VIC,10
100856,14-VIC,11
100795,14-VIC,12
100755,14-VIC,13
100687,14-VIC,14
100644,14-VIC,15
100585,14-VIC,16
100492,14-VIC,17
100463,14-VIC,18
100416,14-VIC,19
100386,14-VIC,20
100338,14-VIC,21
100310,14-VIC,22
100273,14-VIC,23
100215,14-VIC,24
100186,14-VIC,25
100149,14-VIC,26
100930,14-VIC,27
100047,14-VIC,28
100028,14-VIC,29
100033,14-VIC,30
100045,14-VIC,31
100064,14-VIC,32
100126,14-VIC,33
100153,14-VIC,34
102573,14-VIC,35
100212,14-VIC,36
100320,14-VIC,37
100384,14-VIC,38
100434,14-VIC,39
100451,14-VIC,40
100479,14-VIC,41
100518,14-VIC,42
100544,14-VIC,43
100565,14-VIC,44
100606,14-VIC,45
100652,14-VIC,46
100712,14-VIC,47
102608,14-VIC,48
100793,14-VIC,49
100822,14-VIC,50
100844,14-VIC,51
100869,14-VIC,52
100901,14-VIC,53
100944,14-VIC,54
100956,14-VIC,55
100071,14-VIC,56
101036,14-VIC,57
102420,14-VIC,58
100904,26-VIC,1
101107,26-VIC,2
101043,26-VIC,3
101019,26-VIC,4
100998,26-VIC,5
102670,26-VIC,6
100959,26-VIC,7
100969,26-VIC,8
100982,26-VIC,9
100979,26-VIC,10
100966,26-VIC,11
100955,26-VIC,12
100927,26-VIC,13
100918,26-VIC,14
100891,26-VIC,15
100831,26-VIC,16
100759,26-VIC,17
100722,26-VIC,18
100643,26-VIC,19
100593,26-VIC,20
100571,26-VIC,21
100542,26-VIC,22
100538,26-VIC,23
100523,26-VIC,24
100587,26-VIC,25
100620,26-VIC,26
100648,26-VIC,27
100619,26-VIC,28
100598,26-VIC,29
100581,26-VIC,30
100539,26-VIC,31
100483,26-VIC,32
100419,26-VIC,33
100408,26-VIC,34
100379,26-VIC,35
100376,26-VIC,36
100387,26-VIC,37
100430,26-VIC,38
100470,26-VIC,39
100545,26-VIC,40
100597,26-VIC,41
100651,26-VIC,42
100698,26-VIC,43
102611,53-VIC,1
101147,53-VIC,2
101163,53-VIC,3
102513,53-VIC,4
101254,53-VIC,5
101291,53-VIC,6
102193,53-VIC,7
101373,53-VIC,8
102192,53-VIC,9
101315,53-VIC,10
101320,53-VIC,11
101312,53-VIC,12
101309,53-VIC,13
101342,53-VIC,14
101374,53-VIC,15
101457,53-VIC,16
101471,53-VIC,17
101492,53-VIC,18
101510,53-VIC,19
101541,53-VIC,20
100247,53-VIC,21
101568,53-VIC,22
101566,53-VIC,23
101569,53-VIC,24
101597,53-VIC,25
101631,53-VIC,26
101673,53-VIC,27
101649,53-VIC,28
101558,53-VIC,29
102530,53-VIC,30
101809,53-VIC,31
101787,53-VIC,32
101781,53-VIC,33
101730,53-VIC,34
101747,53-VIC,35
101712,53-VIC,36
101686,53-VIC,37
101692,53-VIC,38
101685,53-VIC,39
101632,53-VIC,40
102443,53-VIC,41
102442,53-VIC,42
101542,53-VIC,43
101534,55-VIC,1
101632,55-VIC,2
102443,55-VIC,3
101852,55-VIC,4
101509,55-VIC,5
101486,55-VIC,6
101460,55-VIC,7
101463,55-VIC,8
101505,55-VIC,9
101548,55-VIC,10
101580,55-VIC,11
101672,55-VIC,12
101691,55-VIC,13
101704,55-VIC,14
102001,55-VIC,15
101748,55-VIC,16
101764,55-VIC,17
102614,55-VIC,18
102701,55-VIC,19
101775,55-VIC,20
101793,55-VIC,21
101798,55-VIC,22
101802,55-VIC,23
101830,55-VIC,24
101839,55-VIC,25
101845,55-VIC,26
101849,55-VIC,27
101853,55-VIC,28
101843,55-VIC,29
101835,55-VIC,30
101831,55-VIC,31
101819,55-VIC,32
101838,55-VIC,33
101859,55-VIC,34
101870,55-VIC,35
101876,55-VIC,36
101877,55-VIC,37
101880,55-VIC,38
100465,55-VIC,39
100429,55-VIC,40
102447,55-VIC,41
100671,11-VIC,1
100662,11-VIC,2
100648,11-VIC,3
100619,11-VIC,4
100604,11-VIC,5
100668,11-VIC,6
100704,11-VIC,7
100735,11-VIC,8
100772,11-VIC,9
100803,11-VIC,10
104110,11-VIC,11
100857,11-VIC,12
100846,11-VIC,13
102570,11-VIC,14
100695,11-VIC,15
102571,11-VIC,16
100562,11-VIC,17
100061,11-VIC,18
100459,11-VIC,19
102624,11-VIC,20
102626,11-VIC,21
102618,11-VIC,22
100254,11-VIC,23
100218,11-VIC,24
100177,11-VIC,25
100132,11-VIC,26
100082,11-VIC,27
100042,11-VIC,28
100033,11-VIC,29
100045,11-VIC,30
100064,11-VIC,31
100126,11-VIC,32
100153,11-VIC,33
102573,11-VIC,34
100212,11-VIC,35
100320,11-VIC,36
100384,11-VIC,37
100427,11-VIC,38
100515,11-VIC,39
100573,11-VIC,40
100616,11-VIC,41
100673,11-VIC,42
100737,11-VIC,43
100747,11-VIC,44
100756,11-VIC,45
100777,11-VIC,46
100792,11-VIC,47
100850,11-VIC,48
100912,11-VIC,49
100936,11-VIC,50
100968,11-VIC,51
100997,11-VIC,52
101024,11-VIC,53
101053,11-VIC,54
101100,11-VIC,55
102707,11-VIC,56
101167,11-VIC,57
101186,11-VIC,58
101239,11-VIC,59
101240,11-VIC,60
101231,11-VIC,61
101214,11-VIC,62
101211,11-VIC,63
101205,11-VIC,64
101202,11-VIC,65
101154,11-VIC,66
102426,11-VIC,67
101542,57-VIC,1
101625,57-VIC,2
101620,57-VIC,3
101631,57-VIC,4
101673,57-VIC,5
104082,57-VIC,6
104083,57-VIC,7
104107,57-VIC,8
101676,57-VIC,9
102580,57-VIC,10
102575,57-VIC,11
102574,57-VIC,12
101602,57-VIC,13
101637,57-VIC,14
101638,57-VIC,15
101603,57-VIC,16
101609,57-VIC,17
101606,57-VIC,18
101604,57-VIC,19
102650,75-VIC,1
102030,75-VIC,2
102024,75-VIC,3
101990,75-VIC,4
101986,75-VIC,5
101969,75-VIC,6
101985,75-VIC,7
101998,75-VIC,8
102003,75-VIC,9
102014,75-VIC,10
102022,75-VIC,11
102016,75-VIC,12
101991,75-VIC,13
101983,75-VIC,14
101977,75-VIC,15
101966,75-VIC,16
101962,75-VIC,17
101963,75-VIC,18
101952,75-VIC,19
101945,75-VIC,20
101940,75-VIC,21
102007,75-VIC,22
102017,75-VIC,23
101935,75-VIC,24
101933,75-VIC,25
101939,75-VIC,26
101929,75-VIC,27
101924,75-VIC,28
101920,75-VIC,29
101917,75-VIC,30
101911,75-VIC,31
101908,75-VIC,32
101906,75-VIC,33
101901,75-VIC,34
101895,75-VIC,35
101888,75-VIC,36
101889,75-VIC,37
101885,75-VIC,38
101828,75-VIC,39
101596,75-VIC,40
101540,75-VIC,41
101478,75-VIC,42
101439,75-VIC,43
101448,75-VIC,44
100872,75-VIC,45
100650,75-VIC,46
100593,75-VIC,47
100571,75-VIC,48
100454,75-VIC,49
100347,75-VIC,50
100291,75-VIC,51
100195,75-VIC,52
100177,75-VIC,53
100132,75-VIC,54
100082,75-VIC,55
100034,75-VIC,56
100019,75-VIC,57
102467,75-VIC,58
102444,24-VIC,1
100648,24-VIC,2
100619,24-VIC,3
100604,24-VIC,4
100668,24-VIC,5
100704,24-VIC,6
100735,24-VIC,7
100772,24-VIC,8
100803,24-VIC,9
104110,24-VIC,10
100857,24-VIC,11
102696,24-VIC,12
100881,24-VIC,13
100823,24-VIC,14
101771,24-VIC,15
100762,24-VIC,16
100733,24-VIC,17
100691,24-VIC,18
100613,24-VIC,19
100567,24-VIC,20
100524,24-VIC,21
100464,24-VIC,22
100419,24-VIC,23
100408,24-VIC,24
100379,24-VIC,25
100342,24-VIC,26
100305,24-VIC,27
100263,24-VIC,28
100225,24-VIC,29
100188,24-VIC,30
100173,24-VIC,31
100149,24-VIC,32
100930,24-VIC,33
100053,24-VIC,34
100055,24-VIC,35
100079,24-VIC,36
100093,24-VIC,37
100125,24-VIC,38
100144,24-VIC,39
100160,24-VIC,40
100179,24-VIC,41
100206,24-VIC,42
100235,24-VIC,43
100260,24-VIC,44
100329,24-VIC,45
100356,24-VIC,46
100420,24-VIC,47
100449,24-VIC,48
100497,24-VIC,49
100563,24-VIC,50
100627,24-VIC,51
100676,24-VIC,52
100711,24-VIC,53
100768,24-VIC,54
100816,24-VIC,55
102688,24-VIC,56
100922,24-VIC,57
100971,24-VIC,58
100980,24-VIC,59
100965,24-VIC,60
100157,72-VIC,1
102385,72-VIC,2
102374,72-VIC,3
102366,72-VIC,4
102357,72-VIC,5
102354,72-VIC,6
102338,72-VIC,7
102334,72-VIC,8
102322,72-VIC,9
102312,72-VIC,10
102309,72-VIC,11
102307,72-VIC,12
102291,72-VIC,13
102280,72-VIC,14
102269,72-VIC,15
102185,72-VIC,16
102243,72-VIC,17
102240,72-VIC,18
102228,72-VIC,19
102221,72-VIC,20
102205,72-VIC,21
102200,72-VIC,22
102190,72-VIC,23
102038,72-VIC,24
102176,72-VIC,25
102158,72-VIC,26
102143,72-VIC,27
102135,72-VIC,28
102112,72-VIC,29
102094,72-VIC,30
102087,72-VIC,31
102079,72-VIC,32
102072,72-VIC,33
102650,72-VIC,34
102030,72-VIC,35
102021,72-VIC,36
101996,72-VIC,37
101968,72-VIC,38
101972,72-VIC,39
101942,72-VIC,40
101861,72-VIC,41
101828,72-VIC,42
101596,72-VIC,43
101540,72-VIC,44
101478,72-VIC,45
101439,72-VIC,46
101448,72-VIC,47
100872,72-VIC,48
100650,72-VIC,49
100593,72-VIC,50
100571,72-VIC,51
100454,72-VIC,52
100347,72-VIC,53
100291,72-VIC,54
100195,72-VIC,55
100177,72-VIC,56
100132,72-VIC,57
100082,72-VIC,58
100034,72-VIC,59
100019,72-VIC,60
100002,72-VIC,61
100405,7-VIC,1
101011,7-VIC,2
100991,7-VIC,3
100950,7-VIC,4
100932,7-VIC,5
100897,7-VIC,6
100826,7-VIC,7
100752,7-VIC,8
100725,7-VIC,9
100702,7-VIC,10
100681,7-VIC,11
100659,7-VIC,12
100625,7-VIC,13
100602,7-VIC,14
100559,7-VIC,15
100550,7-VIC,16
100533,7-VIC,17
100517,7-VIC,18
100511,7-VIC,19
100489,7-VIC,20
100475,7-VIC,21
100432,7-VIC,22
100383,7-VIC,23
100340,7-VIC,24
100303,7-VIC,25
100269,7-VIC,26
100236,7-VIC,27
100205,7-VIC,28
102215,7-VIC,29
100137,7-VIC,30
100091,7-VIC,31
100073,7-VIC,32
100035,7-VIC,33
100025,7-VIC,34
102417,15-VIC,1
100991,15-VIC,2
100897,15-VIC,3
100752,15-VIC,4
100681,15-VIC,5
100561,15-VIC,6
100438,15-VIC,7
100294,15-VIC,8
100191,15-VIC,9
100106,15-VIC,10
100068,15-VIC,11
100048,15-VIC,12
100050,15-VIC,13
100077,15-VIC,14
100941,15-VIC,15
100097,15-VIC,16
100134,15-VIC,17
100148,15-VIC,18
100204,15-VIC,19
100242,15-VIC,20
100276,15-VIC,21
100307,15-VIC,22
100387,15-VIC,23
100430,15-VIC,24
100470,15-VIC,25
100545,15-VIC,26
100597,15-VIC,27
100651,15-VIC,28
100698,15-VIC,29
100029,70-VIC,1
100012,70-VIC,2
100010,70-VIC,3
100032,70-VIC,4
100076,70-VIC,5
100394,70-VIC,6
100146,70-VIC,7
100178,70-VIC,8
100198,70-VIC,9
100295,70-VIC,10
100358,70-VIC,11
100456,70-VIC,12
100554,70-VIC,13
100349,70-VIC,14
102695,70-VIC,15
100875,70-VIC,16
101401,70-VIC,17
101616,70-VIC,18
101823,70-VIC,19
102474,70-VIC,20
102048,70-VIC,21
102249,70-VIC,22
102387,70-VIC,23
102404,70-VIC,24
100024,28-VIC,1
100010,28-VIC,2
100032,28-VIC,3
100063,28-VIC,4
100079,28-VIC,5
100093,28-VIC,6
100125,28-VIC,7
100143,28-VIC,8
100159,28-VIC,9
100181,28-VIC,10
100211,28-VIC,11
100265,28-VIC,12
100321,28-VIC,13
100411,28-VIC,14
100450,28-VIC,15
100485,28-VIC,16
100549,28-VIC,17
100577,28-VIC,18
100615,28-VIC,19
100656,28-VIC,20
100697,28-VIC,21
100731,28-VIC,22
102602,28-VIC,23
100829,28-VIC,24
100888,28-VIC,25
100933,28-VIC,26
100994,28-VIC,27
101039,28-VIC,28
101077,28-VIC,29
101108,28-VIC,30
101123,28-VIC,31
101149,28-VIC,32
101220,28-VIC,33
101236,28-VIC,34
101274,28-VIC,35
101305,28-VIC,36
101355,28-VIC,37
102447,54-VIC,1
100435,54-VIC,2
101887,54-VIC,3
101879,54-VIC,4
101869,54-VIC,5
101858,54-VIC,6
101818,54-VIC,7
101811,54-VIC,8
101799,54-VIC,9
101791,54-VIC,10
101782,54-VIC,11
101751,54-VIC,12
101728,54-VIC,13
101664,54-VIC,14
101644,54-VIC,15
101619,54-VIC,16
101588,54-VIC,17
101551,54-VIC,18
101537,54-VIC,19
101517,54-VIC,20
101502,54-VIC,21
101499,54-VIC,22
101451,54-VIC,23
102657,54-VIC,24
102132,54-VIC,25
102347,54-VIC,26
101511,54-VIC,27
101508,54-VIC,28
101496,54-VIC,29
101470,54-VIC,30
101466,54-VIC,31
101464,54-VIC,32
101468,54-VIC,33
101444,54-VIC,34
101433,54-VIC,35
101436,54-VIC,36
101450,54-VIC,37
101473,54-VIC,38
101479,54-VIC,39
101452,54-VIC,40
101488,54-VIC,41
101519,54-VIC,42
101567,54-VIC,43
101846,54-VIC,44
102442,54-VIC,45
101534,54-VIC,46
100051,1-VIC,1
100039,1-VIC,2
100056,1-VIC,3
100100,1-VIC,4
100109,1-VIC,5
100139,1-VIC,6
100167,1-VIC,7
100199,1-VIC,8
100249,1-VIC,9
100293,1-VIC,10
100375,1-VIC,11
100425,1-VIC,12
100500,1-VIC,13
100558,1-VIC,14
100583,1-VIC,15
100582,1-VIC,16
100629,1-VIC,17
100654,1-VIC,18
100690,1-VIC,19
100715,1-VIC,20
100765,1-VIC,21
100788,1-VIC,22
100796,1-VIC,23
100791,1-VIC,24
100786,1-VIC,25
100764,1-VIC,26
100721,1-VIC,27
100694,1-VIC,28
102253,88-VIC,1
102243,88-VIC,2
102251,88-VIC,3
102257,88-VIC,4
102266,88-VIC,5
102279,88-VIC,6
102267,88-VIC,7
102233,88-VIC,8
102376,88-VIC,9
101993,88-VIC,10
102218,88-VIC,11
102208,88-VIC,12
102032,88-VIC,13
102202,88-VIC,14
102226,88-VIC,15
102489,30-VIC,1
101399,30-VIC,2
101389,30-VIC,3
101364,30-VIC,4
101324,30-VIC,5
101295,30-VIC,6
101283,30-VIC,7
101258,30-VIC,8
101199,30-VIC,9
101162,30-VIC,10
101138,30-VIC,11
101092,30-VIC,12
101059,30-VIC,13
101012,30-VIC,14
100963,30-VIC,15
100906,30-VIC,16
100865,30-VIC,17
100806,30-VIC,18
100780,30-VIC,19
100749,30-VIC,20
100726,30-VIC,21
101817,30-VIC,22
100454,30-VIC,23
100347,30-VIC,24
100291,30-VIC,25
100195,30-VIC,26
100177,30-VIC,27
100132,30-VIC,28
100082,30-VIC,29
100034,30-VIC,30
100019,30-VIC,31
102467,30-VIC,32
102490,6A-VIC,1
101381,6A-VIC,2
101370,6A-VIC,3
101362,6A-VIC,4
101382,6A-VIC,5
101404,6A-VIC,6
101356,6A-VIC,7
101323,6A-VIC,8
101297,6A-VIC,9
101242,6A-VIC,10
101225,6A-VIC,11
101197,6A-VIC,12
101164,6A-VIC,13
101140,6A-VIC,14
101086,6A-VIC,15
101027,6A-VIC,16
101000,6A-VIC,17
100974,6A-VIC,18
100925,6A-VIC,19
100885,6A-VIC,20
100828,6A-VIC,21
100771,6A-VIC,22
100713,6A-VIC,23
100647,6A-VIC,24
100614,6A-VIC,25
100520,6A-VIC,26
100445,6A-VIC,27
100389,6A-VIC,28
100333,6A-VIC,29
102756,6A-VIC,30
100257,6A-VIC,31
100233,6A-VIC,32
100193,6A-VIC,33
100166,6A-VIC,34
100145,6A-VIC,35
102752,6A-VIC,36
100068,6A-VIC,37
100042,6A-VIC,38
100612,22A-VIC,1
100590,22A-VIC,2
100531,22A-VIC,3
100461,22A-VIC,4
100433,22A-VIC,5
103739,22A-VIC,6
102433,22A-VIC,7
103736,22A-VIC,8
100285,22A-VIC,9
100264,22A-VIC,10
102617,22A-VIC,11
102436,22A-VIC,12
100207,22A-VIC,13
100191,22A-VIC,14
100165,22A-VIC,15
100106,22A-VIC,16
100068,22A-VIC,17
100051,22A-VIC,18
100394,22A-VIC,19
100146,22A-VIC,20
100178,22A-VIC,21
100198,22A-VIC,22
100292,22A-VIC,23
100346,22A-VIC,24
100380,22A-VIC,25
100414,22A-VIC,26
100452,22A-VIC,27
100523,22A-VIC,28
100587,22A-VIC,29
100620,22A-VIC,30
100670,22A-VIC,31
100716,22A-VIC,32
100805,22A-VIC,33
100841,22A-VIC,34
100903,22A-VIC,35
100928,22A-VIC,36
100949,22A-VIC,37
100978,22A-VIC,38
100989,22A-VIC,39
101016,22A-VIC,40
101038,22A-VIC,41
101068,22A-VIC,42
101081,22A-VIC,43
101143,22A-VIC,44
101111,22A-VIC,45
102611,22A-VIC,46
101147,22A-VIC,47
101163,22A-VIC,48
101204,22A-VIC,49
101228,22A-VIC,50
101253,22A-VIC,51
101284,22A-VIC,52
101252,22A-VIC,53
101227,22A-VIC,54
101190,22A-VIC,55
101156,22A-VIC,56
101141,22A-VIC,57
101143,22A-VIC,58
101111,22A-VIC,59
101119,22A-VIC,60
100741,39-VIC,1
101107,39-VIC,2
101043,39-VIC,3
101019,39-VIC,4
100998,39-VIC,5
100994,39-VIC,6
101039,39-VIC,7
101077,39-VIC,8
101103,39-VIC,9
101139,39-VIC,10
101168,39-VIC,11
101210,39-VIC,12
101268,39-VIC,13
101301,39-VIC,14
101387,39-VIC,15
101476,39-VIC,16
101485,39-VIC,17
101481,39-VIC,18
101454,39-VIC,19
101440,39-VIC,20
101413,39-VIC,21
101393,39-VIC,22
101372,39-VIC,23
101402,39-VIC,24
102495,39-VIC,25
101429,39-VIC,26
101392,39-VIC,27
101406,39-VIC,28
101395,39-VIC,29
101459,39-VIC,30
101411,39-VIC,31
102612,39-VIC,32
102132,59-VIC,1
102347,59-VIC,2
101511,59-VIC,3
104093,59-VIC,4
101570,59-VIC,5
101612,59-VIC,6
101652,59-VIC,7
104094,59-VIC,8
104095,59-VIC,9
100908,59-VIC,10
104096,59-VIC,11
104097,59-VIC,12
104098,59-VIC,13
104099,59-VIC,14
104100,59-VIC,15
104109,59-VIC,16
104101,59-VIC,17
104102,59-VIC,18
104103,59-VIC,19
104104,59-VIC,20
101672,59-VIC,21
101691,59-VIC,22
101723,59-VIC,23
101729,59-VIC,24
101733,59-VIC,25
101739,59-VIC,26
101754,59-VIC,27
101752,59-VIC,28
101745,59-VIC,29
101726,59-VIC,30
101710,59-VIC,31
101689,59-VIC,32
101659,59-VIC,33
101630,59-VIC,34
102443,59-VIC,35
102442,59-VIC,36
101534,59-VIC,37
100694,2-VIC,1
100633,2-VIC,2
100591,2-VIC,3
100589,2-VIC,4
100583,2-VIC,5
100582,2-VIC,6
100629,2-VIC,7
100654,2-VIC,8
100690,2-VIC,9
100715,2-VIC,10
100757,2-VIC,11
100734,2-VIC,12
100701,2-VIC,13
100632,2-VIC,14
100574,2-VIC,15
100512,2-VIC,16
100458,2-VIC,17
100406,2-VIC,18
100382,2-VIC,19
100317,2-VIC,20
100248,2-VIC,21
100209,2-VIC,22
100169,2-VIC,23
102644,2-VIC,24
100129,2-VIC,25
100084,2-VIC,26
100034,2-VIC,27
100019,2-VIC,28
100954,2-VIC,29
100046,2-VIC,30
100078,2-VIC,31
100065,2-VIC,32
100054,2-VIC,33
100049,2-VIC,34
100031,2-VIC,35
100013,2-VIC,36
100008,2-VIC,37
100905,2-VIC,38
100946,2-VIC,39
100086,2-VIC,40
100110,2-VIC,41
101469,43-VIC,1
101209,43-VIC,2
101173,43-VIC,3
101125,43-VIC,4
101116,43-VIC,5
101270,43-VIC,6
101310,43-VIC,7
101255,43-VIC,8
101469,43-VIC,9
102510,32-VIC,1
101381,32-VIC,2
101370,32-VIC,3
101362,32-VIC,4
101382,32-VIC,5
101418,32-VIC,6
101446,32-VIC,7
101472,32-VIC,8
101514,32-VIC,9
101529,32-VIC,10
101554,32-VIC,11
101582,32-VIC,12
101660,32-VIC,13
101690,32-VIC,14
101718,32-VIC,15
101740,32-VIC,16
101777,32-VIC,17
101788,32-VIC,18
101784,32-VIC,19
101785,32-VIC,20
101823,32-VIC,21
101825,32-VIC,22
101821,32-VIC,23
100612,22-VIC,1
100590,22-VIC,2
100531,22-VIC,3
100461,22-VIC,4
100433,22-VIC,5
103739,22-VIC,6
102433,22-VIC,7
103736,22-VIC,8
100285,22-VIC,9
100264,22-VIC,10
102617,22-VIC,11
102436,22-VIC,12
100207,22-VIC,13
100191,22-VIC,14
100165,22-VIC,15
100106,22-VIC,16
100068,22-VIC,17
100051,22-VIC,18
100394,22-VIC,19
100146,22-VIC,20
100178,22-VIC,21
100198,22-VIC,22
100292,22-VIC,23
100346,22-VIC,24
100380,22-VIC,25
100414,22-VIC,26
100452,22-VIC,27
100523,22-VIC,28
100587,22-VIC,29
100620,22-VIC,30
100670,22-VIC,31
100716,22-VIC,32
100805,22-VIC,33
100841,22-VIC,34
100903,22-VIC,35
100928,22-VIC,36
100949,22-VIC,37
100978,22-VIC,38
100992,22-VIC,39
101015,22-VIC,40
101030,22-VIC,41
101071,22-VIC,42
101104,22-VIC,43
101142,22-VIC,44
101171,22-VIC,45
101189,22-VIC,46
101216,22-VIC,47
101175,22-VIC,48
101148,22-VIC,49
101118,22-VIC,50
101094,22-VIC,51
101068,22-VIC,52
101081,22-VIC,53
101143,22-VIC,54
101111,22-VIC,55
102611,22-VIC,56
100022,3-VIC,1
100036,3-VIC,2
100052,3-VIC,3
100058,3-VIC,4
100072,3-VIC,5
100090,3-VIC,6
100080,3-VIC,7
100037,3-VIC,8
100012,3-VIC,9
100010,3-VIC,10
100033,3-VIC,11
100045,3-VIC,12
100064,3-VIC,13
100122,3-VIC,14
100112,3-VIC,15
100096,3-VIC,16
100095,3-VIC,17
100102,3-VIC,18
100117,3-VIC,19
100131,3-VIC,20
100156,3-VIC,21
100163,3-VIC,22
100190,3-VIC,23
100201,3-VIC,24
100222,3-VIC,25
100243,3-VIC,26
100279,3-VIC,27
100313,3-VIC,28
100335,3-VIC,29
100377,3-VIC,30
100412,3-VIC,31
100482,3-VIC,32
100439,3-VIC,33
100436,3-VIC,34
100477,3-VIC,35
100493,3-VIC,36
100522,3-VIC,37
100546,3-VIC,38
100556,3-VIC,39
100561,3-VIC,40
100498,3-VIC,41
100438,3-VIC,42
100451,3-VIC,43
103741,3-VIC,44
102404,70X-VIC,1
102385,70X-VIC,2
102044,70X-VIC,3
102469,70X-VIC,4
101828,70X-VIC,5
100009,70X-VIC,6
101407,70X-VIC,7
100872,70X-VIC,8
101817,70X-VIC,9
100454,70X-VIC,10
100347,70X-VIC,11
100291,70X-VIC,12
100195,70X-VIC,13
100177,70X-VIC,14
100132,70X-VIC,15
100082,70X-VIC,16
100034,70X-VIC,17
100019,70X-VIC,18
100002,70X-VIC,19
101365,8-VIC,1
101341,8-VIC,2
101293,8-VIC,3
101264,8-VIC,4
101155,8-VIC,5
101133,8-VIC,6
101056,8-VIC,7
101008,8-VIC,8
100984,8-VIC,9
100924,8-VIC,10
100855,8-VIC,11
100743,8-VIC,12
100662,8-VIC,13
100648,8-VIC,14
100619,8-VIC,15
100598,8-VIC,16
100562,8-VIC,17
100061,8-VIC,18
100459,8-VIC,19
102624,8-VIC,20
102626,8-VIC,21
102618,8-VIC,22
100300,8-VIC,23
100328,8-VIC,24
100343,8-VIC,25
100378,8-VIC,26
100424,8-VIC,27
100487,8-VIC,28
100541,8-VIC,29
100611,8-VIC,30
100618,8-VIC,31
100678,8-VIC,32
100646,8-VIC,33
100596,8-VIC,34
100568,8-VIC,35
100530,8-VIC,36
100506,8-VIC,37
100468,8-VIC,38
100441,8-VIC,39
100407,8-VIC,40
100397,8-VIC,41
100453,8-VIC,42
100502,8-VIC,43
100536,8-VIC,44
100588,8-VIC,45
100622,8-VIC,46
100657,8-VIC,47
100686,8-VIC,48
100714,8-VIC,49
100742,8-VIC,50
100769,8-VIC,51
100800,8-VIC,52
100921,25-VIC,1
100854,25-VIC,2
100853,25-VIC,3
100895,25-VIC,4
100919,25-VIC,5
100926,25-VIC,6
100929,25-VIC,7
102609,25-VIC,8
100880,25-VIC,9
100835,25-VIC,10
100789,25-VIC,11
100732,25-VIC,12
100682,25-VIC,13
100630,25-VIC,14
100578,25-VIC,15
100513,25-VIC,16
100474,25-VIC,17
100426,25-VIC,18
100354,25-VIC,19
100309,25-VIC,20
100250,25-VIC,21
100226,25-VIC,22
100196,25-VIC,23
100172,25-VIC,24
100115,25-VIC,25
100106,25-VIC,26
100068,25-VIC,27
100048,25-VIC,28
100050,25-VIC,29
100077,25-VIC,30
100941,25-VIC,31
100097,25-VIC,32
100134,25-VIC,33
100148,25-VIC,34
100204,25-VIC,35
100242,25-VIC,36
100259,25-VIC,37
100277,25-VIC,38
100268,25-VIC,39
100274,25-VIC,40
100324,25-VIC,41
100373,25-VIC,42
100370,25-VIC,43
100374,25-VIC,44
100381,25-VIC,45
100415,25-VIC,46
100444,25-VIC,47
100481,25-VIC,48
100467,25-VIC,49
100473,25-VIC,50
100519,25-VIC,51
100529,25-VIC,52
100570,25-VIC,53
100621,25-VIC,54
100692,25-VIC,55
100776,25-VIC,56
101778,25-VIC,57
100819,25-VIC,58
102566,25-VIC,59
102537,25-VIC,60
100846,25-VIC,61
102570,25-VIC,62
100695,25-VIC,63
102571,25-VIC,64
100576,25-VIC,65
100601,25-VIC,66
100628,25-VIC,67
102444,25-VIC,68
100078,10-VIC,1
100065,10-VIC,2
100054,10-VIC,3
100049,10-VIC,4
100031,10-VIC,5
100013,10-VIC,6
100006,10-VIC,7
100012,10-VIC,8
102187,10-VIC,9
100941,10-VIC,10
100097,10-VIC,11
100134,10-VIC,12
103724,10-VIC,13
100170,10-VIC,14
100180,10-VIC,15
103726,10-VIC,16
103727,10-VIC,17
103730,10-VIC,18
102019,10-VIC,19
103734,10-VIC,20
103735,10-VIC,21
103738,10-VIC,22
103740,10-VIC,23
103741,10-VIC,24
102490,6B-VIC,1
101381,6B-VIC,2
101369,6B-VIC,3
101351,6B-VIC,4
101333,6B-VIC,5
101306,6B-VIC,6
101234,6B-VIC,7
101164,6B-VIC,8
101140,6B-VIC,9
101086,6B-VIC,10
101027,6B-VIC,11
101000,6B-VIC,12
100974,6B-VIC,13
100925,6B-VIC,14
100885,6B-VIC,15
100828,6B-VIC,16
100771,6B-VIC,17
100713,6B-VIC,18
100647,6B-VIC,19
100614,6B-VIC,20
100520,6B-VIC,21
100445,6B-VIC,22
100389,6B-VIC,23
100333,6B-VIC,24
102756,6B-VIC,25
100257,6B-VIC,26
100233,6B-VIC,27
100193,6B-VIC,28
100166,6B-VIC,29
100145,6B-VIC,30
102752,6B-VIC,31
100068,6B-VIC,32
100042,6B-VIC,33
102343,60-VIC,1
102546,60-VIC,2
100136,60-VIC,3
101338,60-VIC,4
101340,60-VIC,5
101296,60-VIC,6
101276,60-VIC,7
102216,60-VIC,8
101229,60-VIC,9
101249,60-VIC,10
101273,60-VIC,11
101303,60-VIC,12
101337,60-VIC,13
101350,60-VIC,14
101339,60-VIC,15
101343,60-VIC,16
101398,60-VIC,17
101417,60-VIC,18
101447,60-VIC,19
101466,60-VIC,20
101464,60-VIC,21
101482,60-VIC,22
101498,60-VIC,23
101515,60-VIC,24
101531,60-VIC,25
102512,60-VIC,26
101530,60-VIC,27
101567,60-VIC,28
101846,60-VIC,29
102442,60-VIC,30
101534,60-VIC,31
100952,87-VIC,1
101029,87-VIC,2
102036,87-VIC,3
102043,87-VIC,4
102045,87-VIC,5
102049,87-VIC,6
102055,87-VIC,7
102527,87-VIC,8
102071,87-VIC,9
102080,87-VIC,10
102086,87-VIC,11
102096,87-VIC,12
102113,87-VIC,13
102124,87-VIC,14
102114,87-VIC,15
102122,87-VIC,16
102129,87-VIC,17
102139,87-VIC,18
102141,87-VIC,19
102149,87-VIC,20
102156,87-VIC,21
102161,87-VIC,22
102159,87-VIC,23
102160,87-VIC,24
102177,87-VIC,25
102202,87-VIC,26
102226,87-VIC,27
102199,87-VIC,28
102020,87-VIC,29
102204,87-VIC,30
102220,87-VIC,31
101997,87-VIC,32
102379,87-VIC,33
102231,87-VIC,34
102257,87-VIC,35
102266,87-VIC,36
102279,87-VIC,37
102267,87-VIC,38
102248,87-VIC,39
102249,87-VIC,40
102259,87-VIC,41
100917,87-VIC,42
102280,87-VIC,43
102269,87-VIC,44
102253,87-VIC,45
102490,38-VIC,1
101399,38-VIC,2
101392,38-VIC,3
101406,38-VIC,4
101395,38-VIC,5
101459,38-VIC,6
101411,38-VIC,7
102612,38-VIC,8
101341,38-VIC,9
101293,38-VIC,10
101264,38-VIC,11
101155,38-VIC,12
101097,38-VIC,13
101095,38-VIC,14
101088,38-VIC,15
101068,38-VIC,16
101081,38-VIC,17
101147,38-VIC,18
101163,38-VIC,19
102513,38-VIC,20
101254,38-VIC,21
101260,38-VIC,22
101245,38-VIC,23
101261,38-VIC,24
104108,38-VIC,25
101325,38-VIC,26
101425,38-VIC,27
101443,38-VIC,28
101452,38-VIC,29
101488,38-VIC,30
101519,38-VIC,31
101557,38-VIC,32
100842,38-VIC,33
101546,38-VIC,34
101597,38-VIC,35
101621,38-VIC,36
101624,38-VIC,37
101632,38-VIC,38
101708,38-VIC,39
101556,38-VIC,40
101565,38-VIC,41
100560,38-VIC,42
100029,72A-VIC,1
100012,72A-VIC,2
100010,72A-VIC,3
100032,72A-VIC,4
100076,72A-VIC,5
100394,72A-VIC,6
100146,72A-VIC,7
100178,72A-VIC,8
100198,72A-VIC,9
100295,72A-VIC,10
100358,72A-VIC,11
100456,72A-VIC,12
100554,72A-VIC,13
100349,72A-VIC,14
102695,72A-VIC,15
100875,72A-VIC,16
101401,72A-VIC,17
101416,72A-VIC,18
101438,72A-VIC,19
101477,72A-VIC,20
101538,72A-VIC,21
101616,72A-VIC,22
101823,72A-VIC,23
101317,72A-VIC,24
101944,72A-VIC,25
101954,72A-VIC,26
101955,72A-VIC,27
102015,72A-VIC,28
102011,72A-VIC,29
102025,72A-VIC,30
102652,72A-VIC,31
102071,72A-VIC,32
102080,72A-VIC,33
102086,72A-VIC,34
102096,72A-VIC,35
102113,72A-VIC,36
102136,72A-VIC,37
102144,72A-VIC,38
102160,72A-VIC,39
102177,72A-VIC,40
102202,72A-VIC,41
102226,72A-VIC,42
102199,72A-VIC,43
102018,72A-VIC,44
102188,72A-VIC,45
102207,72A-VIC,46
102217,72A-VIC,47
102227,72A-VIC,48
102239,72A-VIC,49
102249,72A-VIC,50
102259,72A-VIC,51
102274,72A-VIC,52
102287,72A-VIC,53
102295,72A-VIC,54
102303,72A-VIC,55
102310,72A-VIC,56
102314,72A-VIC,57
102321,72A-VIC,58
102335,72A-VIC,59
102336,72A-VIC,60
102353,72A-VIC,61
102359,72A-VIC,62
102368,72A-VIC,63
102373,72A-VIC,64
102387,72A-VIC,65
102404,72A-VIC,66
100965,12-VIC,1
101006,12-VIC,2
101060,12-VIC,3
101072,12-VIC,4
101131,12-VIC,5
101187,12-VIC,6
101207,12-VIC,7
101212,12-VIC,8
101213,12-VIC,9
101236,12-VIC,10
101267,12-VIC,11
101272,12-VIC,12
101280,12-VIC,13
101288,12-VIC,14
101271,12-VIC,15
101244,12-VIC,16
101949,12-VIC,17
101154,12-VIC,18
100858,12-VIC,19
102467,31-VIC,1
100006,31-VIC,2
100012,31-VIC,3
100010,31-VIC,4
100032,31-VIC,5
100076,31-VIC,6
100394,31-VIC,7
100146,31-VIC,8
100178,31-VIC,9
100198,31-VIC,10
100295,31-VIC,11
100358,31-VIC,12
100456,31-VIC,13
100554,31-VIC,14
100349,31-VIC,15
100684,31-VIC,16
100729,31-VIC,17
100766,31-VIC,18
100785,31-VIC,19
100866,31-VIC,20
100894,31-VIC,21
100940,31-VIC,22
100976,31-VIC,23
101014,31-VIC,24
101040,31-VIC,25
101098,31-VIC,26
101120,31-VIC,27
101165,31-VIC,28
101198,31-VIC,29
101257,31-VIC,30
101316,31-VIC,31
101345,31-VIC,32
101399,31-VIC,33
101412,31-VIC,34
102490,31-VIC,35
102524,81-VIC,1
102067,81-VIC,2
102050,81-VIC,3
102046,81-VIC,4
102042,81-VIC,5
102040,81-VIC,6
102036,81-VIC,7
102058,81-VIC,8
102074,81-VIC,9
102077,81-VIC,10
102084,81-VIC,11
102091,81-VIC,12
102101,81-VIC,13
102108,81-VIC,14
102137,81-VIC,15
102152,81-VIC,16
102020,81-VIC,17
102188,81-VIC,18
102207,81-VIC,19
102217,81-VIC,20
102227,81-VIC,21
102239,81-VIC,22
102249,81-VIC,23
102259,81-VIC,24
102274,81-VIC,25
102616,81-VIC,26
102277,81-VIC,27
102288,81-VIC,28
102302,81-VIC,29
102314,81-VIC,30
102321,81-VIC,31
102335,81-VIC,32
102336,81-VIC,33
102353,81-VIC,34
102359,81-VIC,35
102368,81-VIC,36
102373,81-VIC,37
102387,81-VIC,38
102404,81-VIC,39
100904,26A-VIC,1
101107,26A-VIC,2
101043,26A-VIC,3
101019,26A-VIC,4
100998,26A-VIC,5
102670,26A-VIC,6
100959,26A-VIC,7
100969,26A-VIC,8
100982,26A-VIC,9
100979,26A-VIC,10
100966,26A-VIC,11
100955,26A-VIC,12
100927,26A-VIC,13
100918,26A-VIC,14
100891,26A-VIC,15
100831,26A-VIC,16
100759,26A-VIC,17
100722,26A-VIC,18
100643,26A-VIC,19
100593,26A-VIC,20
100571,26A-VIC,21
100554,26A-VIC,22
100818,46-VIC,1
100158,46-VIC,2
101593,46-VIC,3
101549,46-VIC,4
101750,46-VIC,5
101625,46-VIC,6
101620,46-VIC,7
101618,46-VIC,8
101574,46-VIC,9
101539,46-VIC,10
101507,46-VIC,11
101456,46-VIC,12
101378,46-VIC,13
101330,46-VIC,14
101279,46-VIC,15
101241,46-VIC,16
101251,46-VIC,17
101262,46-VIC,18
101183,46-VIC,19
101132,46-VIC,20
101090,46-VIC,21
101050,46-VIC,22
101002,46-VIC,23
100910,46-VIC,24
102696,46-VIC,25
100832,46-VIC,26
100823,46-VIC,27
101771,46-VIC,28
100762,46-VIC,29
100733,46-VIC,30
100691,46-VIC,31
100624,46-VIC,32
100580,46-VIC,33
100543,46-VIC,34
100597,46-VIC,35
100651,46-VIC,36
100698,46-VIC,37
102490,83-VIC,1
101399,83-VIC,2
101392,83-VIC,3
101406,83-VIC,4
101395,83-VIC,5
101459,83-VIC,6
101411,83-VIC,7
102612,83-VIC,8
101435,83-VIC,9
101461,83-VIC,10
101493,83-VIC,11
101526,83-VIC,12
101500,83-VIC,13
101524,83-VIC,14
101590,83-VIC,15
101633,83-VIC,16
101725,83-VIC,17
101786,83-VIC,18
101810,83-VIC,19
101844,83-VIC,20
101857,83-VIC,21
101878,83-VIC,22
101891,83-VIC,23
101896,83-VIC,24
101899,83-VIC,25
101914,83-VIC,26
101931,83-VIC,27
101948,83-VIC,28
101961,83-VIC,29
101973,83-VIC,30
101985,83-VIC,31
101999,83-VIC,32
102037,83-VIC,33
102099,83-VIC,34
102121,83-VIC,35
102140,83-VIC,36
102165,83-VIC,37
102194,83-VIC,38
102206,83-VIC,39
102229,83-VIC,40
102256,83-VIC,41
102260,83-VIC,42
102268,83-VIC,43
101779,83-VIC,44
101813,83-VIC,45
101814,83-VIC,46
102267,83-VIC,47
102248,83-VIC,48
102253,83-VIC,49
102598,49-VIC,1
102597,49-VIC,2
102593,49-VIC,3
102588,49-VIC,4
102646,49-VIC,5
102586,49-VIC,6
102638,49-VIC,7
102584,49-VIC,8
102582,49-VIC,9
104107,49-VIC,10
101676,49-VIC,11
102580,49-VIC,12
101670,49-VIC,13
101694,49-VIC,14
101706,49-VIC,15
101701,49-VIC,16
101697,49-VIC,17
101705,49-VIC,18
101717,49-VIC,19
101699,49-VIC,20
104112,49-VIC,21
101651,49-VIC,22
101608,49-VIC,23
101568,49-VIC,24
101566,49-VIC,25
101569,49-VIC,26
101542,49-VIC,27
102226,88A-VIC,1
102199,88A-VIC,2
102020,88A-VIC,3
102204,88A-VIC,4
102220,88A-VIC,5
101997,88A-VIC,6
102379,88A-VIC,7
102231,88A-VIC,8
102248,88A-VIC,9
102253,88A-VIC,10
102482,35-VIC,1
101399,35-VIC,2
101412,35-VIC,3
101438,35-VIC,4
101477,35-VIC,5
101538,35-VIC,6
102172,35-VIC,7
101663,35-VIC,8
101641,35-VIC,9
102171,35-VIC,10
102173,35-VIC,11
101596,35-VIC,12
101540,35-VIC,13
101478,35-VIC,14
101439,35-VIC,15
102511,35-VIC,16
102495,9-VIC,1
101429,9-VIC,2
101392,9-VIC,3
101406,9-VIC,4
101395,9-VIC,5
101459,9-VIC,6
101411,9-VIC,7
102612,9-VIC,8
101341,9-VIC,9
101293,9-VIC,10
101264,9-VIC,11
101155,9-VIC,12
101133,9-VIC,13
101056,9-VIC,14
101008,9-VIC,15
100984,9-VIC,16
100924,9-VIC,17
100855,9-VIC,18
100743,9-VIC,19
100662,9-VIC,20
100648,9-VIC,21
100619,9-VIC,22
100598,9-VIC,23
100562,9-VIC,24
100061,9-VIC,25
100459,9-VIC,26
102624,9-VIC,27
102626,9-VIC,28
102618,9-VIC,29
100254,9-VIC,30
100218,9-VIC,31
102012,9-VIC,32
100237,9-VIC,33
100266,9-VIC,34
100280,9-VIC,35
100301,9-VIC,36
100322,9-VIC,37
100337,9-VIC,38
100385,9-VIC,39
100442,9-VIC,40
100514,9-VIC,41
100566,9-VIC,42
100618,9-VIC,43
100653,9-VIC,44
100763,9-VIC,45
100827,9-VIC,46
100864,9-VIC,47
100913,9-VIC,48
100937,9-VIC,49
100951,9-VIC,50
100071,9-VIC,51
101036,9-VIC,52
101076,9-VIC,53
100355,47-VIC,1
100012,47-VIC,2
100010,47-VIC,3
100032,47-VIC,4
100076,47-VIC,5
100394,47-VIC,6
100146,47-VIC,7
100178,47-VIC,8
100198,47-VIC,9
100295,47-VIC,10
100358,47-VIC,11
100456,47-VIC,12
100554,47-VIC,13
102694,47-VIC,14
102722,47-VIC,15
100817,47-VIC,16
102721,47-VIC,17
101602,47-VIC,18
101637,47-VIC,19
101638,47-VIC,20
101603,47-VIC,21
101609,47-VIC,22
101586,47-VIC,23
101555,47-VIC,24
101544,47-VIC,25
101577,47-VIC,26
101592,47-VIC,27
101623,47-VIC,28
101646,47-VIC,29
101700,47-VIC,30
101720,47-VIC,31
101698,47-VIC,32
101709,47-VIC,33
101695,47-VIC,34
101674,47-VIC,35
102579,47-VIC,36
104086,47-VIC,37
104106,47-VIC,38
104085,47-VIC,39
101833,47-VIC,40
101854,47-VIC,41
102663,47-VIC,42
101872,47-VIC,43
101866,47-VIC,44
101863,47-VIC,45
101865,47-VIC,46
101850,47-VIC,47
101491,47-VIC,48
101735,47-VIC,49
101678,47-VIC,50
101688,47-VIC,51
100158,47-VIC,52
101355,27X-VIC,1
101396,27X-VIC,2
101410,27X-VIC,3
101421,27X-VIC,4
101428,27X-VIC,5
101423,27X-VIC,6
101379,27X-VIC,7
101358,27X-VIC,8
101344,27X-VIC,9
101331,27X-VIC,10
100014,27X-VIC,11
101246,27X-VIC,12
101203,27X-VIC,13
101153,27X-VIC,14
101113,27X-VIC,15
101106,27X-VIC,16
101083,27X-VIC,17
101066,27X-VIC,18
101045,27X-VIC,19
100995,27X-VIC,20
100980,27X-VIC,21
100867,27X-VIC,22
100636,27X-VIC,23
102644,27X-VIC,24
100129,27X-VIC,25
100084,27X-VIC,26
100034,27X-VIC,27
100017,27X-VIC,28
104111,27X-VIC,29
100025,21N-VIC,1
100032,21N-VIC,2
100051,21N-VIC,3
100394,21N-VIC,4
100146,21N-VIC,5
100178,21N-VIC,6
100198,21N-VIC,7
100292,21N-VIC,8
100346,21N-VIC,9
100380,21N-VIC,10
100414,21N-VIC,11
100452,21N-VIC,12
100523,21N-VIC,13
100587,21N-VIC,14
100620,21N-VIC,15
100670,21N-VIC,16
100716,21N-VIC,17
100805,21N-VIC,18
100841,21N-VIC,19
100903,21N-VIC,20
100928,21N-VIC,21
100949,21N-VIC,22
100978,21N-VIC,23
100989,21N-VIC,24
101016,21N-VIC,25
101038,21N-VIC,26
101067,21N-VIC,27
101096,21N-VIC,28
101124,21N-VIC,29
101150,21N-VIC,30
101179,21N-VIC,31
101215,21N-VIC,32
101192,21N-VIC,33
102446,21N-VIC,34
101144,21N-VIC,35
101158,21N-VIC,36
101263,21N-VIC,37
101302,21N-VIC,38
101347,21N-VIC,39
102612,21N-VIC,40
100024,28X-VIC,1
100010,28X-VIC,2
100032,28X-VIC,3
100063,28X-VIC,4
100079,28X-VIC,5
100093,28X-VIC,6
100125,28X-VIC,7
100143,28X-VIC,8
100615,28X-VIC,9
100888,28X-VIC,10
100994,28X-VIC,11
101039,28X-VIC,12
101077,28X-VIC,13
101103,28X-VIC,14
101139,28X-VIC,15
101168,28X-VIC,16
101207,28X-VIC,17
101233,28X-VIC,18
101299,28X-VIC,19
101329,28X-VIC,20
101346,28X-VIC,21
101361,28X-VIC,22
101363,28X-VIC,23
101357,28X-VIC,24
100355,65-VIC,1
100012,65-VIC,2
100010,65-VIC,3
100032,65-VIC,4
100076,65-VIC,5
100394,65-VIC,6
100146,65-VIC,7
100178,65-VIC,8
100198,65-VIC,9
100295,65-VIC,10
100358,65-VIC,11
100456,65-VIC,12
100554,65-VIC,13
102694,65-VIC,14
102722,65-VIC,15
100817,65-VIC,16
102721,65-VIC,17
101572,65-VIC,18
101525,65-VIC,19
101520,65-VIC,20
101177,65-VIC,21
101127,65-VIC,22
101708,65-VIC,23
101556,65-VIC,24
101565,65-VIC,25
101981,65-VIC,26
101626,65-VIC,27
101184,65-VIC,28
101334,65-VIC,29
101827,65-VIC,30
101822,65-VIC,31
101881,65-VIC,32
101501,65-VIC,33
101902,65-VIC,34
101905,65-VIC,35
101938,65-VIC,36
101957,65-VIC,37
101967,65-VIC,38
101987,65-VIC,39
102549,65-VIC,40
102568,65-VIC,41
100496,65-VIC,42
102081,65-VIC,43
102085,65-VIC,44
102093,65-VIC,45
102097,65-VIC,46
102102,65-VIC,47
102105,65-VIC,48
102131,65-VIC,49
102147,65-VIC,50
102154,65-VIC,51
102168,65-VIC,52
102183,65-VIC,53
102214,65-VIC,54
102236,65-VIC,55
102247,65-VIC,56
102255,65-VIC,57
102270,65-VIC,58
102709,65-VIC,59
102292,65-VIC,60
102294,65-VIC,61
102278,65-VIC,62
102282,65-VIC,63
102297,65-VIC,64
102313,65-VIC,65
102316,65-VIC,66
102293,65-VIC,67
100016,65-VIC,68
100965,17-VIC,1
100948,17-VIC,2
100874,17-VIC,3
100868,17-VIC,4
100879,17-VIC,5
100886,17-VIC,6
100916,17-VIC,7
100961,17-VIC,8
100966,17-VIC,9
100955,17-VIC,10
100927,17-VIC,11
100918,17-VIC,12
100900,17-VIC,13
100890,17-VIC,14
100915,17-VIC,15
100943,17-VIC,16
100996,17-VIC,17
101044,17-VIC,18
101047,17-VIC,19
101027,17-VIC,20
101000,17-VIC,21
100974,17-VIC,22
100925,17-VIC,23
102635,76-VIC,1
101407,76-VIC,2
100919,76-VIC,3
100988,76-VIC,4
100705,76-VIC,5
100016,64-VIC,1
102272,64-VIC,2
102258,64-VIC,3
102246,64-VIC,4
102235,64-VIC,5
102212,64-VIC,6
102184,64-VIC,7
102170,64-VIC,8
102150,64-VIC,9
102127,64-VIC,10
102109,64-VIC,11
102106,64-VIC,12
102092,64-VIC,13
102083,64-VIC,14
100018,64-VIC,15
102069,64-VIC,16
102551,64-VIC,17
101923,64-VIC,18
102059,64-VIC,19
102063,64-VIC,20
102459,64-VIC,21
102078,64-VIC,22
102090,64-VIC,23
102104,64-VIC,24
102117,64-VIC,25
102134,64-VIC,26
102145,64-VIC,27
102167,64-VIC,28
100108,64-VIC,29
102209,64-VIC,30
102210,64-VIC,31
102186,64-VIC,32
102195,64-VIC,33
102166,64-VIC,34
102146,64-VIC,35
102133,64-VIC,36
102116,64-VIC,37
102107,64-VIC,38
102406,64-VIC,39
102408,64-VIC,40
102230,64-VIC,41
102232,64-VIC,42
102252,64-VIC,43
102397,64-VIC,44
102393,64-VIC,45
102381,64-VIC,46
102430,64-VIC,47
101875,64-VIC,48
101868,64-VIC,49
101862,64-VIC,50
101847,64-VIC,51
101816,64-VIC,52
101832,64-VIC,53
101836,64-VIC,54
101841,64-VIC,55
101851,64-VIC,56
101848,64-VIC,57
101842,64-VIC,58
101837,64-VIC,59
101829,64-VIC,60
101800,64-VIC,61
101797,64-VIC,62
101792,64-VIC,63
101776,64-VIC,64
101765,64-VIC,65
102613,64-VIC,66
101761,64-VIC,67
101760,64-VIC,68
101746,64-VIC,69
102006,64-VIC,70
101724,64-VIC,71
101707,64-VIC,72
101683,64-VIC,73
101654,64-VIC,74
101640,64-VIC,75
101630,64-VIC,76
102443,64-VIC,77
102442,64-VIC,78
101573,64-VIC,79
100767,51X-VIC,1
100158,51X-VIC,2
101593,51X-VIC,3
101549,51X-VIC,4
101750,51X-VIC,5
101625,51X-VIC,6
101618,51X-VIC,7
101539,51X-VIC,8
101507,51X-VIC,9
101456,51X-VIC,10
101378,51X-VIC,11
101330,51X-VIC,12
101279,51X-VIC,13
101241,51X-VIC,14
101251,51X-VIC,15
101262,51X-VIC,16
101055,51X-VIC,17
102179,51X-VIC,18
102175,51X-VIC,19
100882,51X-VIC,20
100876,51X-VIC,21
100877,51X-VIC,22
100883,51X-VIC,23
100893,51X-VIC,24
100919,51X-VIC,25
100967,51X-VIC,26
100973,51X-VIC,27
100988,51X-VIC,28
101037,51X-VIC,29
100878,51X-VIC,30
102404,71-VIC,1
102385,71-VIC,2
102374,71-VIC,3
102366,71-VIC,4
102357,71-VIC,5
102354,71-VIC,6
102338,71-VIC,7
102334,71-VIC,8
102322,71-VIC,9
102312,71-VIC,10
102309,71-VIC,11
102307,71-VIC,12
102291,71-VIC,13
102280,71-VIC,14
102269,71-VIC,15
102185,71-VIC,16
102243,71-VIC,17
102251,71-VIC,18
102233,71-VIC,19
102376,71-VIC,20
101993,71-VIC,21
102218,71-VIC,22
102208,71-VIC,23
102044,71-VIC,24
102469,71-VIC,25
101828,71-VIC,26
100009,71-VIC,27
101407,71-VIC,28
100872,71-VIC,29
101817,71-VIC,30
100454,71-VIC,31
100347,71-VIC,32
100291,71-VIC,33
100195,71-VIC,34
100177,71-VIC,35
100132,71-VIC,36
100082,71-VIC,37
100034,71-VIC,38
100019,71-VIC,39
100002,71-VIC,40
102253,85-VIC,1
102243,85-VIC,2
102251,85-VIC,3
102257,85-VIC,4
102266,85-VIC,5
102279,85-VIC,6
102281,85-VIC,7
102284,85-VIC,8
102289,85-VIC,9
102298,85-VIC,10
102306,85-VIC,11
102341,85-VIC,12
102348,85-VIC,13
102363,85-VIC,14
102375,85-VIC,15
102377,85-VIC,16
102378,85-VIC,17
102380,85-VIC,18
102382,85-VIC,19
102391,85-VIC,20
102401,85-VIC,21
102396,85-VIC,22
102395,85-VIC,23
102388,85-VIC,24
102384,85-VIC,25
102383,85-VIC,26
102389,85-VIC,27
102399,85-VIC,28
102402,85-VIC,29
102412,85-VIC,30
102419,85-VIC,31
102425,85-VIC,32
102428,85-VIC,33
102424,85-VIC,34
102429,85-VIC,35
102431,85-VIC,36
102423,85-VIC,37
102415,85-VIC,38
102413,85-VIC,39
102409,85-VIC,40
102405,85-VIC,41
102400,85-VIC,42
102386,85-VIC,43
102304,85-VIC,44
102300,85-VIC,45
102283,85-VIC,46
102267,85-VIC,47
102248,85-VIC,48
102249,85-VIC,49
102259,85-VIC,50
100917,85-VIC,51
102280,85-VIC,52
102269,85-VIC,53
102253,85-VIC,54
100355,48-VIC,1
100012,48-VIC,2
100010,48-VIC,3
100032,48-VIC,4
100076,48-VIC,5
100394,48-VIC,6
100146,48-VIC,7
100178,48-VIC,8
100198,48-VIC,9
100295,48-VIC,10
100358,48-VIC,11
100456,48-VIC,12
100554,48-VIC,13
102694,48-VIC,14
102722,48-VIC,15
100817,48-VIC,16
102721,48-VIC,17
101254,48-VIC,18
101260,48-VIC,19
101245,48-VIC,20
101261,48-VIC,21
101325,48-VIC,22
101425,48-VIC,23
101443,48-VIC,24
101463,48-VIC,25
101480,48-VIC,26
101445,48-VIC,27
101427,48-VIC,28
101824,48-VIC,29
101376,48-VIC,30
101350,48-VIC,31
101339,48-VIC,32
101343,48-VIC,33
101398,48-VIC,34
101417,48-VIC,35
101447,48-VIC,36
101466,48-VIC,37
101464,48-VIC,38
101482,48-VIC,39
101498,48-VIC,40
101515,48-VIC,41
101570,48-VIC,42
101612,48-VIC,43
101652,48-VIC,44
101669,48-VIC,45
102735,48-VIC,46
102727,48-VIC,47
102613,48-VIC,48
101761,48-VIC,49
101760,48-VIC,50
101746,48-VIC,51
102006,48-VIC,52
101724,48-VIC,53
101707,48-VIC,54
101683,48-VIC,55
101654,48-VIC,56
101640,48-VIC,57
101630,48-VIC,58
102443,48-VIC,59
102442,48-VIC,60
101534,48-VIC,61
100016,63-VIC,1
102271,63-VIC,2
102275,63-VIC,3
102278,63-VIC,4
102282,63-VIC,5
102297,63-VIC,6
102313,63-VIC,7
102320,63-VIC,8
102355,63-VIC,9
102370,63-VIC,10
102392,63-VIC,11
100067,63-VIC,12
102411,63-VIC,13
102435,63-VIC,14
102438,63-VIC,15
102439,63-VIC,16
102441,63-VIC,17
102440,63-VIC,18
102422,63-VIC,19
102371,63-VIC,20
102367,63-VIC,21
102362,63-VIC,22
102352,63-VIC,23
102346,63-VIC,24
102330,63-VIC,25
102328,63-VIC,26
102351,63-VIC,27
102344,63-VIC,28
102332,63-VIC,29
102308,63-VIC,30
102299,63-VIC,31
100016,63-VIC,32
